TestBuildAirportMap,1T 2T 3T,1,2023-12-09 18:30:25.253
TestBuildAirportMap,1T 2T 3T,1,2023-12-09 22:04:44.233
TestMostCommonCharacter,1T 2T 3T 4F 5T 6F 7F,0,2023-12-09 22:04:44.233
TestBuildAirportMap,1T 2T 3T,1,2023-12-09 22:06:52.039
TestMostCommonCharacter,1F 2F 3F 4F 5F 6F 7F,0,2023-12-09 22:06:52.039
TestBuildAirportMap,1T 2T 3T,1,2023-12-09 22:07:57.144
TestMostCommonCharacter,1T 2T 3T 4F 5T 6F 7F,0,2023-12-09 22:07:57.144
TestBuildAirportMap,1T 2T 3T,1,2023-12-09 22:12:59.571
TestMostCommonCharacter,1T 2T 3T 4F 5T 6F 7F,0,2023-12-09 22:12:59.571
TestBuildAirportMap,1T 2T 3T,1,2023-12-09 22:13:43.54
TestMostCommonCharacter,1T 2T 3T 4F 5T 6F 7F,0,2023-12-09 22:13:43.54
TestBuildAirportMap,1T 2T 3T,1,2023-12-09 22:14:08.132
TestMostCommonCharacter,1T 2T 3T 4F 5T 6F 7F,0,2023-12-09 22:14:08.132
TestBuildAirportMap,1T 2T 3T,1,2023-12-09 22:16:53.586
TestMostCommonCharacter,1T 2T 3T 4F 5T 6F 7F,0,2023-12-09 22:16:53.586
TestBuildAirportMap,1T 2T 3T,1,2023-12-09 22:18:12.261
TestMostCommonCharacter,1T 2T 3T 4T 5T 6F 7F,0,2023-12-09 22:18:12.261
TestBuildAirportMap,1T 2T 3T,1,2023-12-09 22:19:38.908
TestMostCommonCharacter,1T 2T 3T 4F 5T 6F 7F,0,2023-12-09 22:19:38.908
TestBuildAirportMap,1T 2T 3T,1,2023-12-09 22:21:12.849
TestMostCommonCharacter,1T 2T 3T 4F 5T 6F 7F,0,2023-12-09 22:21:12.849
TestBuildAirportMap,1T 2T 3T,1,2023-12-09 22:22:14.381
TestMostCommonCharacter,1T 2T 3T 4F 5T 6F 7F,0,2023-12-09 22:22:14.381
TestBuildAirportMap,1T 2T 3T,1,2023-12-09 22:23:10.141
TestMostCommonCharacter,1T 2T 3T 4T 5T 6F 7F,0,2023-12-09 22:23:10.141
TestBuildAirportMap,1T 2T 3T,1,2023-12-09 22:24:45.465
TestMostCommonCharacter,1T 2T 3T 4T 5T 6F 7F,0,2023-12-09 22:24:45.465
TestBuildAirportMap,1T 2T 3T,1,2023-12-09 22:28:03.158
TestMostCommonCharacter,1F 2F 3F 4F 5F 6F 7F,0,2023-12-09 22:28:03.158
TestBuildAirportMap,1T 2T 3T,1,2023-12-09 22:29:58.465
TestMostCommonCharacter,1F 2F 3F 4F 5F 6F 7F,0,2023-12-09 22:29:58.465
TestBuildAirportMap,1T 2T 3T,1,2023-12-09 22:30:47.199
TestMostCommonCharacter,1F 2F 3F 4F 5F 6F 7F,0,2023-12-09 22:30:47.199
TestBuildAirportMap,1T 2T 3T,1,2023-12-09 22:35:03.238
TestMostCommonCharacter,1F 2F 3F 4F 5F 6F 7F,0,2023-12-09 22:35:03.238
TestBuildAirportMap,1T 2T 3T,1,2023-12-09 22:36:26.093
TestMostCommonCharacter,1F 2F 3F 4F 5F 6F 7F,0,2023-12-09 22:36:26.093
TestBuildAirportMap,1T 2T 3T,1,2023-12-09 22:38:41.255
TestMostCommonCharacter,1F 2F 3F 4F 5F 6F 7F,0,2023-12-09 22:38:41.255
TestBuildAirportMap,1T 2T 3T,1,2023-12-10 13:32:50.758
TestMostCommonCharacter,1F 2F 3F 4F 5F 6F 7F,0,2023-12-10 13:32:50.758
TestBuildAirportMap,1T 2T 3T,1,2023-12-10 13:40:48.284
TestMostCommonCharacter,1F 2F 3F 4F 5F 6F 7F,0,2023-12-10 13:40:48.284
TestBuildAirportMap,1T 2T 3T,1,2023-12-10 13:41:19.275
TestMostCommonCharacter,1F 2F 3F 4F 5F 6F 7F,0,2023-12-10 13:41:19.275
TestBuildAirportMap,1T 2T 3T,1,2023-12-10 13:42:35.162
TestMostCommonCharacter,1F 2F 3F 4F 5F 6F 7F,0,2023-12-10 13:42:35.162
TestBuildAirportMap,1T 2T 3T,1,2023-12-10 13:43:29.836
TestMostCommonCharacter,1T 2T 3T 4T 5T 6T 7T,1,2023-12-10 13:43:29.836
